<?xml version="1.0" encoding="utf-8" ?>
<dwsync>
<file name="Default.aspx" server="173.203.189.72//vulcan/" local="130573353718546945" remote="130573353600000000" Dst="2" />
<file name="Default.aspx.cs" server="173.203.189.72//vulcan/" local="130572697420513438" remote="130572697200000000" Dst="2" />
<file name="beep.wav" server="173.203.189.72//vulcan/" local="130499069044982444" remote="130499079000000000" Dst="2" />
<file name="official_rules.pdf" server="173.203.189.72//vulcan/" local="130499069045762449" remote="130499079000000000" Dst="2" />
<file name="Default.aspx" server="V:/www.vulcanequipment.com/" local="130577078067186696" remote="130577078060000000" Dst="2" />
<file name="Default.aspx.cs" server="V:/www.vulcanequipment.com/" local="130552695502955979" remote="130552695500000000" Dst="2" />
<file name="beep.wav" server="V:/www.vulcanequipment.com/" local="130499069044982444" remote="130499069040000000" Dst="2" />
<file name="index.html" server="V:/www.vulcanequipment.com/" local="130501703360000000" remote="130501703360000000" Dst="2" />
<file name="official_rules.pdf" server="V:/www.vulcanequipment.com/" local="130499069045762449" remote="130499069040000000" Dst="2" />
</dwsync>