<?xml version="1.0" encoding="utf-8" ?>
<dwsync>
<file name="digital_display.svg" server="173.203.189.72//vulcan/" local="130499069037962399" remote="130499079000000000" Dst="2" />
<file name="digital_display.woff" server="173.203.189.72//vulcan/" local="130499069038118400" remote="130499079000000000" Dst="2" />
<file name="digital_display.ttf" server="173.203.189.72//vulcan/" local="130499069037962399" remote="130499079000000000" Dst="2" />
<file name="digital_display.eot" server="173.203.189.72//vulcan/" local="130499069037806398" remote="130499079000000000" Dst="2" />
<file name="digital_display.eot" server="V:/www.vulcanequipment.com/" local="130499069037806398" remote="130499069030000000" Dst="2" />
<file name="digital_display.svg" server="V:/www.vulcanequipment.com/" local="130499069037962399" remote="130499069030000000" Dst="2" />
<file name="digital_display.ttf" server="V:/www.vulcanequipment.com/" local="130499069037962399" remote="130499069030000000" Dst="2" />
<file name="digital_display.woff" server="V:/www.vulcanequipment.com/" local="130499069038118400" remote="130499069030000000" Dst="2" />
</dwsync>