<?xml version="1.0" encoding="utf-8" ?>
<dwsync>
<file name="jquery.animate-transform.js" server="173.203.189.72//vulcan/" local="130499069044670442" remote="130499079000000000" Dst="2" />
<file name="knobKnob.jquery.js" server="173.203.189.72//vulcan/" local="130499069044670442" remote="130499079000000000" Dst="2" />
<file name="simulator.js" server="173.203.189.72//vulcan/" local="130522443610000000" remote="130522443600000000" Dst="2" />
<file name="transform.js" server="173.203.189.72//vulcan/" local="130499069044826443" remote="130499079000000000" Dst="2" />
<file name="simulator.js" server="V:/www.vulcanequipment.com/" local="130501705118870011" remote="130501705110000000" Dst="2" />
<file name="jquery.animate-transform.js" server="V:/www.vulcanequipment.com/" local="130499069044670442" remote="130499069040000000" Dst="2" />
<file name="knobKnob.jquery.js" server="V:/www.vulcanequipment.com/" local="130499069044670442" remote="130499069040000000" Dst="2" />
<file name="transform.js" server="V:/www.vulcanequipment.com/" local="130499069044826443" remote="130499069040000000" Dst="2" />
</dwsync>